{
    "num_partitions": 1,
    "random_state": 42,
    "num_trials": 10,
    "fit_time": 359.65818309783936,
    "score": 0.8853442384276111
}