{
    "num_partitions": 1,
    "random_state": 42,
    "num_trials": 10,
    "fit_time": 493.37766575813293,
    "score": 0.7636991704910262
}