hdac1_pic50_7,hdac1_pic50_8
0.00079100113,0.0014092837
0.24144994,0.008287416
0.005757524,0.0006798105
