hdac1_pic50_7,hdac1_pic50_8
0.11207512133335379,0.058076010918164736
0.31369302856087333,0.29534461337545126
0.09739449815850286,0.041427398764253984
