{
    "num_partitions": 1,
    "random_state": 42,
    "num_trials": 10,
    "fit_time": 488.9503183364868,
    "score": 0.8729148393230345
}